Workbook

Sheet Data
A1: Booking_ID | B1: Hotel | C1: Customer_Name | D1: Country | E1: Arrival_Date | F1: Arrival_Month | G1: Lead_Time_Days | H1: Market_Segment | I1: Room_Type | J1: ADR | K1: Total_Nights | L1: Is_Canceled | M1: Booking_Channel | N1: Revenue | O1: FilterMatch
A2: 100001 | B2: Resort Hotel | C2: John Smith | D2: Unknown | E2: 45696 | F2: =TEXT(E2,"mmm-yyyy") -> Feb-2025 | G2: 18 | H2: Online Ta | I2: E | J2: 82.6 | K2: 7 | L2: Yes | M2: Booking.Com | N2: =J2*K2 -> 578.2 | O2: =IF(AND(OR(Dashboard!$C$4="All",B2=Dashboard!$C$4),OR(Dashboard!$E$4="All",L2=Dashboard!$E$4)),1,0) -> 0
A3: 100002 | B3: Resort Hotel | C3: James Anderson | D3: Italy | E3: 45721 | F3: =TEXT(E3,"mmm-yyyy") -> Mar-2025 | G3: 28 | H3: Direct | I3: A | J3: 84.11 | K3: 2 | L3: No | M3: Direct Website | N3: =J3*K3 -> 168.22 | O3: =IF(AND(OR(Dashboard!$C$4="All",B3=Dashboard!$C$4),OR(Dashboard!$E$4="All",L3=Dashboard!$E$4)),1,0) -> 1
A4: 100003 | B4: Resort Hotel | C4: Maria Silva | D4: Spain | E4: 45719 | F4: =TEXT(E4,"mmm-yyyy") -> Mar-2025 | G4: 49 | H4: Offline Ta/To | I4: A | J4: 158.83 | K4: 8 | L4: No | M4: Direct Website | N4: =J4*K4 -> 1270.64 | O4: =IF(AND(OR(Dashboard!$C$4="All",B4=Dashboard!$C$4),OR(Dashboard!$E$4="All",L4=Dashboard!$E$4)),1,0) -> 1
A5: 100004 | B5: Resort Hotel | C5: Mia Wilson | D5: Portugal | E5: 45715 | F5: =TEXT(E5,"mmm-yyyy") -> Feb-2025 | G5: 5 | H5: Direct | I5: D | J5: 129.61 | K5: 4 | L5: No | M5: Corporate Portal | N5: =J5*K5 -> 518.44 | O5: =IF(AND(OR(Dashboard!$C$4="All",B5=Dashboard!$C$4),OR(Dashboard!$E$4="All",L5=Dashboard!$E$4)),1,0) -> 1
A6: 100005 | B6: City Hotel | C6: Amelia Martin | D6: Ireland | E6: 45724 | F6: =TEXT(E6,"mmm-yyyy") -> Mar-2025 | G6: 18 | H6: Groups | I6: D | J6: 83.64 | K6: 1 | L6: No | M6: Expedia | N6: =J6*K6 -> 83.64 | O6: =IF(AND(OR(Dashboard!$C$4="All",B6=Dashboard!$C$4),OR(Dashboard!$E$4="All",L6=Dashboard!$E$4)),1,0) -> 1
A7: 100006 | B7: Resort Hotel | C7: Henry Harris | D7: Germany | E7: 45819 | F7: =TEXT(E7,"mmm-yyyy") -> Jun-2025 | G7: 15 | H7: Direct | I7: D | J7: 101.12 | K7: 1 | L7: No | M7: Direct Website | N7: =J7*K7 -> 101.12 | O7: =IF(AND(OR(Dashboard!$C$4="All",B7=Dashboard!$C$4),OR(Dashboard!$E$4="All",L7=Dashboard!$E$4)),1,0) -> 1
A8: 100007 | B8: Resort Hotel | C8: Alexander Thompson | D8: Unknown | E8: 45748 | F8: =TEXT(E8,"mmm-yyyy") -> Apr-2025 | G8: 15 | H8: Direct | I8: C | J8: 122.26 | K8: 4 | L8: No | M8: Booking.Com | N8: =J8*K8 -> 489.04 | O8: =IF(AND(OR(Dashboard!$C$4="All",B8=Dashboard!$C$4),OR(Dashboard!$E$4="All",L8=Dashboard!$E$4)),1,0) -> 1
A9: 100008 | B9: City Hotel | C9: Emma Johnson | D9: Unknown | E9: 45831 | F9: =TEXT(E9,"mmm-yyyy") -> Jun-2025 | G9: 26 | H9: Direct | I9: D | J9: 200.2 | K9: 6 | L9: No | M9: Corporate Portal | N9: =J9*K9 -> 1201.2 | O9: =IF(AND(OR(Dashboard!$C$4="All",B9=Dashboard!$C$4),OR(Dashboard!$E$4="All",L9=Dashboard!$E$4)),1,0) -> 1
A10: 100009 | B10: Resort Hotel | C10: Mia Wilson | D10: United Kingdom | E10: 45785 | F10: =TEXT(E10,"mmm-yyyy") -> May-2025 | G10: 36 | H10: Corporate | I10: B | J10: 200.2 | K10: 10 | L10: No | M10: Expedia | N10: =J10*K10 -> 2002 | O10: =IF(AND(OR(Dashboard!$C$4="All",B10=Dashboard!$C$4),OR(Dashboard!$E$4="All",L10=Dashboard!$E$4)),1,0) -> 1
A11: 100010 | B11: City Hotel | C11: Liam O'Brien | D11: Spain | E11: 45695 | F11: =TEXT(E11,"mmm-yyyy") -> Feb-2025 | G11: 69 | H11: Corporate | I11: B | J11: 169.69 | K11: 5 | L11: No | M11: Booking.Com | N11: =J11*K11 -> 848.45 | O11: =IF(AND(OR(Dashboard!$C$4="All",B11=Dashboard!$C$4),OR(Dashboard!$E$4="All",L11=Dashboard!$E$4)),1,0) -> 1
A12: 100011 | B12: City Hotel | C12: Emma Johnson | D12: Ireland | E12: 45663 | F12: =TEXT(E12,"mmm-yyyy") -> Jan-2025 | G12: 49 | H12: Online Ta | I12: D | J12: 200.2 | K12: 8 | L12: No | M12: Corporate Portal | N12: =J12*K12 -> 1601.6 | O12: =IF(AND(OR(Dashboard!$C$4="All",B12=Dashboard!$C$4),OR(Dashboard!$E$4="All",L12=Dashboard!$E$4)),1,0) -> 1
A13: 100012 | B13: Resort Hotel | C13: Maria Silva | D13: Netherlands | E13: 45685 | F13: =TEXT(E13,"mmm-yyyy") -> Jan-2025 | G13: 24 | H13: Online Ta | I13: E | J13: 77.67 | K13: 4 | L13: No | M13: Corporate Portal | N13: =J13*K13 -> 310.68 | O13: =IF(AND(OR(Dashboard!$C$4="All",B13=Dashboard!$C$4),OR(Dashboard!$E$4="All",L13=Dashboard!$E$4)),1,0) -> 1
... A47: 100046 | B47: Resort Hotel | C47: Alexander Thompson | D47: Germany | E47: 45833 | F47: =TEXT(E47,"mmm-yyyy") -> Jun-2025 | G47: 93 | H47: Offline Ta/To | I47: A | J47: 294.88 | K47: 1 | L47: No | M47: Travel Agent | N47: =J47*K47 -> 294.88 | O47: =IF(AND(OR(Dashboard!$C$4="All",B47=Dashboard!$C$4),OR(Dashboard!$E$4="All",L47=Dashboard!$E$4)),1,0) -> 1

Sheet Pivot
A1: 1. Revenue & Bookings by Market Segment | F1: 2. Bookings & Revenue by Country | J1: 3. Cancellation Rate by Market Segment | O1: 4. Revenue by Arrival Month
A2: Market_Segment | B2: Bookings | C2: Revenue | D2: Avg ADR | F2: Country | G2: Bookings | H2: Revenue | J2: Market_Segment | K2: Total Bookings | L2: Cancelled | M2: Cancellation Rate | O2: Month | P2: Revenue
A3: Online Ta | B3: =SUMPRODUCT((Data!$H$2:$H$47="Online Ta")*Data!$O$2:$O$47) -> 14 | C3: =SUMPRODUCT((Data!$H$2:$H$47="Online Ta")*Data!$N$2:$N$47*Data!$O$2:$O$47) -> 20137.17 | D3: =IF(B3=0,0,SUMPRODUCT((Data!$H$2:$H$47=$A3)*Data!$J$2:$J$47*Data!$O$2:$O$47)/B3) -> 226.59071 | F3: Portugal | G3: =SUMPRODUCT((Data!$D$2:$D$47=$F3)*Data!$O$2:$O$47) -> 3 | H3: =SUMPRODUCT((Data!$D$2:$D$47=$F3)*Data!$N$2:$N$47*Data!$O$2:$O$47) -> 2920.84 | J3: Online Ta | K3: =SUMPRODUCT((Data!$H$2:$H$47=$J3)*(IF(Dashboard!$C$4="All",1,Data!$B$2:$B$47=Dashboard!$C$4))) -> 16 | L3: =SUMPRODUCT((Data!$H$2:$H$47=$J3)*(Data!$L$2:$L$47="Yes")*(IF(Dashboard!$C$4="All",1,Data!$B$2:$B$47=Dashboard!$C$4))) -> 2 | M3: =IF(K3=0,0,L3/K3) -> 0.125 | O3: Jan-2025 | P3: =SUMPRODUCT((Data!$F$2:$F$47=$O3)*Data!$N$2:$N$47*Data!$O$2:$O$47) -> 7109.59
A4: Offline Ta/To | B4: =SUMPRODUCT((Data!$H$2:$H$47=$A4)*Data!$O$2:$O$47) -> 4 | C4: =SUMPRODUCT((Data!$H$2:$H$47=$A4)*Data!$N$2:$N$47*Data!$O$2:$O$47) -> 2565.26 | D4: =IF(B4=0,0,SUMPRODUCT((Data!$H$2:$H$47=$A4)*Data!$J$2:$J$47*Data!$O$2:$O$47)/B4) -> 158.7 | F4: United Kingdom | G4: =SUMPRODUCT((Data!$D$2:$D$47=$F4)*Data!$O$2:$O$47) -> 3 | H4: =SUMPRODUCT((Data!$D$2:$D$47=$F4)*Data!$N$2:$N$47*Data!$O$2:$O$47) -> 3951.02 | J4: Offline Ta/To | K4: =SUMPRODUCT((Data!$H$2:$H$47=$J4)*(IF(Dashboard!$C$4="All",1,Data!$B$2:$B$47=Dashboard!$C$4))) -> 7 | L4: =SUMPRODUCT((Data!$H$2:$H$47=$J4)*(Data!$L$2:$L$47="Yes")*(IF(Dashboard!$C$4="All",1,Data!$B$2:$B$47=Dashboard!$C$4))) -> 3 | M4: =IF(K4=0,0,L4/K4) -> 0.42857143 | O4: Feb-2025 | P4: =SUMPRODUCT((Data!$F$2:$F$47=$O4)*Data!$N$2:$N$47*Data!$O$2:$O$47) -> 4576.31
A5: Direct | B5: =SUMPRODUCT((Data!$H$2:$H$47=$A5)*Data!$O$2:$O$47) -> 10 | C5: =SUMPRODUCT((Data!$H$2:$H$47=$A5)*Data!$N$2:$N$47*Data!$O$2:$O$47) -> 11702.34 | D5: =IF(B5=0,0,SUMPRODUCT((Data!$H$2:$H$47=$A5)*Data!$J$2:$J$47*Data!$O$2:$O$47)/B5) -> 189.633 | F5: France | G5: =SUMPRODUCT((Data!$D$2:$D$47=$F5)*Data!$O$2:$O$47) -> 2 | H5: =SUMPRODUCT((Data!$D$2:$D$47=$F5)*Data!$N$2:$N$47*Data!$O$2:$O$47) -> 1666.63 | J5: Direct | K5: =SUMPRODUCT((Data!$H$2:$H$47=$J5)*(IF(Dashboard!$C$4="All",1,Data!$B$2:$B$47=Dashboard!$C$4))) -> 11 | L5: =SUMPRODUCT((Data!$H$2:$H$47=$J5)*(Data!$L$2:$L$47="Yes")*(IF(Dashboard!$C$4="All",1,Data!$B$2:$B$47=Dashboard!$C$4))) -> 1 | M5: =IF(K5=0,0,L5/K5) -> 0.090909091 | O5: Mar-2025 | P5: =SUMPRODUCT((Data!$F$2:$F$47=$O5)*Data!$N$2:$N$47*Data!$O$2:$O$47) -> 10301.12
A6: Corporate | B6: =SUMPRODUCT((Data!$H$2:$H$47=$A6)*Data!$O$2:$O$47) -> 5 | C6: =SUMPRODUCT((Data!$H$2:$H$47=$A6)*Data!$N$2:$N$47*Data!$O$2:$O$47) -> 7804.05 | D6: =IF(B6=0,0,SUMPRODUCT((Data!$H$2:$H$47=$A6)*Data!$J$2:$J$47*Data!$O$2:$O$47)/B6) -> 205.082 | F6: Spain | G6: =SUMPRODUCT((Data!$D$2:$D$47=$F6)*Data!$O$2:$O$47) -> 6 | H6: =SUMPRODUCT((Data!$D$2:$D$47=$F6)*Data!$N$2:$N$47*Data!$O$2:$O$47) -> 9654.18 | J6: Corporate | K6: =SUMPRODUCT((Data!$H$2:$H$47=$J6)*(IF(Dashboard!$C$4="All",1,Data!$B$2:$B$47=Dashboard!$C$4))) -> 5 | L6: =SUMPRODUCT((Data!$H$2:$H$47=$J6)*(Data!$L$2:$L$47="Yes")*(IF(Dashboard!$C$4="All",1,Data!$B$2:$B$47=Dashboard!$C$4))) -> 0 | M6: =IF(K6=0,0,L6/K6) -> 0 | O6: Apr-2025 | P6: =SUMPRODUCT((Data!$F$2:$F$47=$O6)*Data!$N$2:$N$47*Data!$O$2:$O$47) -> 4237.38
A7: Groups | B7: =SUMPRODUCT((Data!$H$2:$H$47=$A7)*Data!$O$2:$O$47) -> 6 | C7: =SUMPRODUCT((Data!$H$2:$H$47=$A7)*Data!$N$2:$N$47*Data!$O$2:$O$47) -> 7945.1 | D7: =IF(B7=0,0,SUMPRODUCT((Data!$H$2:$H$47=$A7)*Data!$J$2:$J$47*Data!$O$2:$O$47)/B7) -> 208 | F7: Germany | G7: =SUMPRODUCT((Data!$D$2:$D$47=$F7)*Data!$O$2:$O$47) -> 5 | H7: =SUMPRODUCT((Data!$D$2:$D$47=$F7)*Data!$N$2:$N$47*Data!$O$2:$O$47) -> 2686.4 | J7: Groups | K7: =SUMPRODUCT((Data!$H$2:$H$47=$J7)*(IF(Dashboard!$C$4="All",1,Data!$B$2:$B$47=Dashboard!$C$4))) -> 7 | L7: =SUMPRODUCT((Data!$H$2:$H$47=$J7)*(Data!$L$2:$L$47="Yes")*(IF(Dashboard!$C$4="All",1,Data!$B$2:$B$47=Dashboard!$C$4))) -> 1 | M7: =IF(K7=0,0,L7/K7) -> 0.14285714 | O7: May-2025 | P7: =SUMPRODUCT((Data!$F$2:$F$47=$O7)*Data!$N$2:$N$47*Data!$O$2:$O$47) -> 9539.72
F8: Italy | G8: =SUMPRODUCT((Data!$D$2:$D$47=$F8)*Data!$O$2:$O$47) -> 3 | H8: =SUMPRODUCT((Data!$D$2:$D$47=$F8)*Data!$N$2:$N$47*Data!$O$2:$O$47) -> 5756.92 | O8: Jun-2025 | P8: =SUMPRODUCT((Data!$F$2:$F$47=$O8)*Data!$N$2:$N$47*Data!$O$2:$O$47) -> 14389.8
F9: Ireland | G9: =SUMPRODUCT((Data!$D$2:$D$47=$F9)*Data!$O$2:$O$47) -> 4 | H9: =SUMPRODUCT((Data!$D$2:$D$47=$F9)*Data!$N$2:$N$47*Data!$O$2:$O$47) -> 4577.26
F10: Brazil | G10: =SUMPRODUCT((Data!$D$2:$D$47=$F10)*Data!$O$2:$O$47) -> 6 | H10: =SUMPRODUCT((Data!$D$2:$D$47=$F10)*Data!$N$2:$N$47*Data!$O$2:$O$47) -> 9533.12
F11: Netherlands | G11: =SUMPRODUCT((Data!$D$2:$D$47=$F11)*Data!$O$2:$O$47) -> 1 | H11: =SUMPRODUCT((Data!$D$2:$D$47=$F11)*Data!$N$2:$N$47*Data!$O$2:$O$47) -> 310.68
F12: Usa | G12: =SUMPRODUCT((Data!$D$2:$D$47=$F12)*Data!$O$2:$O$47) -> 4 | H12: =SUMPRODUCT((Data!$D$2:$D$47=$F12)*Data!$N$2:$N$47*Data!$O$2:$O$47) -> 7406.63
F13: Unknown | G13: =SUMPRODUCT((Data!$D$2:$D$47=$F13)*Data!$O$2:$O$47) -> 2 | H13: =SUMPRODUCT((Data!$D$2:$D$47=$F13)*Data!$N$2:$N$47*Data!$O$2:$O$47) -> 1690.24

Sheet Dashboard
A1: Travel Booking Dashboard
B4: Hotel | C4: All | D4: Cancelled | E4: No
B8: Total Bookings | D8: Total Revenue | F8: Cancellation Rate | H8: Average ADR | J8: Avg Lead Time (days)
B9: =SUMPRODUCT(Data!$O$2:$O$47) -> 39 | D9: =SUMPRODUCT(Data!$N$2:$N$47*Data!$O$2:$O$47) -> 50153.92 | F9: =IF(SUMPRODUCT(Data!$O$2:$O$47)=0,0,SUMPRODUCT((Data!$L$2:$L$47="Yes")*Data!$O$2:$O$47)/SUMPRODUCT(Data!$O$2:$O$47)) -> 0 | H9: =IF(SUMPRODUCT(Data!$O$2:$O$47)=0,0,SUMPRODUCT(Data!$J$2:$J$47*Data!$O$2:$O$47)/SUMPRODUCT(Data!$O$2:$O$47)) -> 204.53359 | J9: =IF(SUMPRODUCT(Data!$O$2:$O$47)=0,0,SUMPRODUCT(Data!$G$2:$G$47*Data!$O$2:$O$47)/SUMPRODUCT(Data!$O$2:$O$47)) -> 54.948718
